Name,ID,Password
Olivia Thomas,20254375,YDvyiged525
James Jones,20250648,lUdNGoVa589
Harper Davis,20250436,eSXTFAiu438
Elijah Smith,20255325,AwoXJTVu972
Alexander Ismail,20252780,IYHrbeTo805
Aya Aziz,20253943,kWZjTJnN634
Mostafa Taylor,20251035,fcfsHUbo265
Mariam Brown,20256694,gFjKazKs488
Ava Jackson,20256035,YTGxOYRA408
Kareem Thompson,20251888,UtQDxEFZ021
Alexander Garcia,20257931,dHaewfns392
Ziad Ismail,20250773,ZtqKgnVg271
Ahmed Brown,20256005,eUbhbRZA695
Amelia Harris,20257182,ayjIzZfr715
Ava Taylor,20255331,MMGhfnJU129
Youssef Aziz,20259994,DTKFWjrI505
Ali Jones,20257638,LhdqbSUb731
Alexander Brown,20255827,cFBaEzdI924
Mahmoud Hassan,20250833,nDNuFsaH337
Sophia Brown,20250303,JlzPQeDR334
James Clark,20254791,KntAmsxt577
Tarek Clark,20250042,wRFItcdx077
Reem Moore,20252335,ZoibRlxq526
Olivia White,20258117,DOQHRQjv759
Oliver Garcia,20252602,VFfHSIoE499
Mostafa Anderson,20252948,iheXgEas033
Reem Jackson,20254505,ENgswNBM211
Laila Nassar,20252904,YtpsJmYC749
Tarek Rodriguez,20251206,dkiLmzAY140
Harper Nassar,20253073,fqkAcdhJ720
Farah Jackson,20256033,IRNMuJaG728
Abigail Miller,20254114,bxETjODf933
Youssef Nassar,20257022,BVjQGENy377
Alexander Johnson,20251658,xdVYxMab735
Oliver Moore,20255269,GLTUSvXN163
Ali Jackson,20253955,afdFBgKp235
Kareem Ismail,20257990,UtCtkhBw188
Kareem Smith,20250731,hhIHoDuO527
Dina Brown,20253533,hMSSxmsu286
Benjamin Williams,20255329,YjAGGOjw875
Mahmoud Ismail,20253520,Ybucbtke137
Sara Garcia,20258745,BEYoOPwN686
Laila Williams,20254383,AiyKBGoG263
Ava Nassar,20253994,nyKueDDD459
Omar Rodriguez,20252827,jfSUQNEW690
Emma Mahmoud,20257314,lcSWjPMX502
William Smith,20256404,XStNTdtV067
Laila Aziz,20255059,KeljBIhM721
Farah Salah,20259558,GXscyNWe320
Evelyn Taylor,20253616,praGjxVk192
Abdel-Rahman Mahmoud,202500699,admin